{
    "pt-BR": {
        "language": {
            "language": "Português brasileiro",
            "translatedby": "Drylian",
            "version": "official"
        },
        "installer": {
            "ErrorSelectOneLang": "Selecione uma língua antes de continuar",
            "ErrorNeedAll": "É necessario preencher todos os valores para continuar",
            "ErrorUrlHttp": "A Url deve começar com http:// ou https://.",
            "ErrorUrlNotHttp": "A Url não deve começar com http:// ou https://.",
            "ErrorServerNotRespond": "Hmm, está demorando de mais, tente recarregar a pagina Home, caso não funcione verifique as logs do painel.",
            "HttpEndBar": "A Url não deve terminar com /.",
            "LangTitle": "Selecione sua Língua",
            "HomeTitle": "Inicio",
            "SetupOneTitle": "Básicos",
            "SetupTwoTitle": "Databases",
            "SetupThreeTitle": "Migração",
            "SetupSSLTitle": "Criar Certificado",
            "SetupFourTitle": "Criar Conta",
            "SetupFinish": "Finalização",
            "SetupCompleted": "Aguardando",
            "InitialMessage": "Olá, este é o iniciador de configurações do painel Core-ATS, antes de iniciar a aplicação completa é necessario algumas configurações, preencha as informações que serão mostradas corretamente",
            "termsofuse": "Ao iniciar você estará com nossos termos de uso",
            "BasicInfos": "Algumas informações basicas do painel",
            "PanelTitle": "Título do painel",
            "PanelUrl": "Url do painel",
            "PanelPort": "Porta do painel",
            "PanelSSL": "Notamos que voce colocou https no seu url, por padrão isso é uma opção normalmente ignorada, mais caso queira gerar um certificado interno para o painel, e ja iniciar com a conexão https,selecione 'Usar Certificado', caso contrario selecione 'Não usar Certificado'.",
            "DatabaseSelect": "Selecione qual tipo de Database será usado",
            "DatabaseMysqlConfigurations": "Configure o Database Mysql",
            "DatabaseDatabase": "Database",
            "DatabasePort": "Porta do Database",
            "DatabaseHostname": "Host do Database",
            "DatabaseUsername": "Usuário do Database",
            "DatabasePassword": "Senha do Database",
            "MigrationMessage": "Agora iremos migrar algumas configurações que precisamos para poder iniciar o painel completo",
            "CreateAccountMessage": "Agora, crie sua conta administrativa antes de finalizarmos a configuração",
            "FinishMessage": "O Painel está quase completo e pronto para uso, agora no proximo passo finalizemos o painel de instalação, para ativa-lo novamente basta ir no env e alterar 'CORE_INSTALLED' para 'false' e reiniciar o painel.",
            "EndlessMessage": "Aguarde enquanto configuramos o painel principal, você será redirecionado quando terminar"
        },
        "system": {
            "http": {
                "Errors": {
                    "400": {
                        "description": "A solicitação enviada é inválida ou está ausente de informações essenciais. Por favor, verifique e envie uma solicitação válida.",
                        "keywords": "Solicitação inválida, Dados ausentes, Parâmetros incorretos, {{lang}}, Erro 400, Requisição incorreta"
                    },
                    "401": {
                        "description": "Autenticação falhou ou não fornecida. Faça login ou forneça credenciais válidas para acessar este recurso.",
                        "keywords": "Falha na autenticação, Não autorizado, Credenciais inválidas, {{lang}}, Erro 401, Acesso não autorizado"
                    },
                    "403": {
                        "description": "Você não tem permissão para acessar este recurso. Por favor, entre em contato com o administrador do sistema para obter permissões adequadas.",
                        "keywords": "Acesso negado, Sem permissão, Proibido, {{lang}}, Erro 403, Restrição de acesso"
                    },
                    "404": {
                        "description": "Página não encontrada no sistema interno. Verifique a URL atentamente antes de tentar novamente.",
                        "keywords": "Página não encontrada, Recurso não encontrado, não encontrado, configuração não encontrada, {{lang}}, Erro, Erro 404"
                    },
                    "406": {
                        "description": "A solicitação enviada é inválida ou está ausente de informações essenciais. Por favor, verifique e envie uma solicitação válida.",
                        "keywords": "Solicitação inválida, Dados ausentes, Parâmetros incorretos, {{lang}}, Erro 400, Requisição incorreta"
                    },
                    "500": {
                        "description": "Erro interno no sistema. Entre em contato com o suporte técnico para obter assistência.",
                        "keywords": "Erro interno, Problema técnico, {{lang}}, Erro 500, Erro no servidor"
                    },
                    "Cors": {
                        "description": "Solicitação enviada foi recusada pelo CORS.",
                        "keywords": "Solicitação recusada, cors, Recusado, {{lang}}, Erro 401, Requisição imcompleta"
                    }
                },
                "Json": {
                    "description": "A solicitação foi processada com sucesso. Os dados solicitados foram retornados na resposta JSON.",
                    "keywords": "Sucesso, Resposta JSON, Dados bem-sucedidos, {{lang}}, OK 200, Json"
                }
            }
        }
    },
    "en-US": {
        "language": {
            "language": "English-United States",
            "translatedby": "Drylian",
            "version": "official"
        },
        "installer": {
            "ErrorSelectOneLang": "Select a language before proceeding",
            "ErrorNeedAll": "All values must be filled in to continue",
            "ErrorUrlHttp": "The URL must start with http:// or https://.",
            "ErrorUrlNotHttp": "The URL should not start with http:// or https://.",
            "ErrorServerNotRespond": "Hmm, it's taking too long. Try reloading the Home page, if it doesn't work, check the panel logs.",
            "HttpEndBar": "The URL should not end with /.",
            "LangTitle": "Select your Language",
            "HomeTitle": "Home",
            "SetupOneTitle": "Basics",
            "SetupTwoTitle": "Databases",
            "SetupThreeTitle": "Migration",
            "SetupSSLTitle": "Create Certificate",
            "SetupFourTitle": "Create Account",
            "SetupFinish": "Completion",
            "SetupCompleted": "Waiting",
            "InitialMessage": "Hello, this is the Core-ATS panel setup initializer. Before starting the full application, some configurations are required. Please fill in the information that will be displayed correctly.",
            "termsofuse": "By starting, you agree to our terms of use.",
            "BasicInfos": "Some basic information about the panel",
            "PanelTitle": "Panel Title",
            "PanelUrl": "Panel URL",
            "PanelPort": "Panel Port",
            "PanelSSL": "We noticed that you have added https to your URL, by default, this is an option usually ignored. However, if you want to generate an internal certificate for the panel and start with an https connection, select 'Use Certificate'; otherwise, select 'Do not use Certificate'.",
            "DatabaseSelect": "Select which type of Database will be used",
            "DatabaseMysqlConfigurations": "Configure the Mysql Database",
            "DatabaseDatabase": "Database",
            "DatabasePort": "Database Port",
            "DatabaseHostname": "Database Hostname",
            "DatabaseUsername": "Database Username",
            "DatabasePassword": "Database Password",
            "MigrationMessage": "Now we will migrate some settings that we need to start the full panel",
            "CreateAccountMessage": "Now, create your administrative account before completing the configuration",
            "FinishMessage": "The panel is almost complete and ready to use. Now, in the next step, let's finish the installation panel. To activate it again, just go to the env file and change 'CORE_INSTALLED' to 'false' and restart the panel.",
            "EndlessMessage": "Please wait while we configure the main panel; you will be redirected when it's finished"
        }
    }
}